dev,dev_type,dev_loc,dev_abs,isi,no_tones,base_freq,freq_dev,freq_dev_type,freq_loc,freq_dev_no,trial_no,block_no,iti,freq_diff,freq_diff_abs
48,late,5,48,700,7,192,[220],['higher'],[3],1,1,1,2176,[28],[28]
,,,,700,7,40000,,,,,2,1,2111,[False],[False]
27,late,5,27,700,7,192,[440],['higher'],[7],1,3,1,2335,[248],[248]
,,,,700,7,40000,,,,,4,1,2037,[False],[False]
19,late,4,19,700,7,220,[False],['standard'],[False],0,5,1,2333,[False],[False]
13,late,5,13,700,7,440,[False],['standard'],[False],0,6,1,2366,[False],[False]
-48,early,5,48,700,7,220,"[192, 392, 192]","['lower', 'higher', 'lower']","[4, 7, 2]",3,7,1,2473,"[-28, 172, -28]","[28, 172, 28]"
,,,,700,7,40000,,,,,8,1,2216,[False],[False]
19,late,6,19,700,7,220,"[440, 392]","['higher', 'higher']","[5, 4]",2,9,1,2146,"[220, 172]","[220, 172]"
-100,early,5,100,700,7,220,[False],['standard'],[False],0,10,1,2371,[False],[False]
,,,,700,7,40000,,,,,11,1,2281,[False],[False]
-27,early,5,27,700,7,192,"[220, 440]","['higher', 'higher']","[2, 3]",2,12,1,2475,"[28, 248]","[28, 248]"
,,,,700,7,40000,,,,,13,1,2499,[False],[False]
27,late,4,27,700,7,392,"[192, 220, 192]","['lower', 'lower', 'lower']","[7, 2, 3]",3,14,1,2253,"[-200, -172, -200]","[200, 172, 200]"
-80,early,4,80,700,7,220,"[192, 392]","['lower', 'higher']","[6, 3]",2,15,1,2378,"[-28, 172]","[28, 172]"
,,,,700,7,40000,,,,,16,1,2148,[False],[False]
-8,early,5,8,700,7,192,[220],['higher'],[7],1,17,1,2477,[28],[28]
-19,early,5,19,700,7,220,"[392, 440]","['higher', 'higher']","[2, 4]",2,18,1,2292,"[172, 220]","[172, 220]"
-100,early,6,100,700,7,220,[False],['standard'],[False],0,19,1,2100,[False],[False]
,,,,700,7,40000,,,,,20,1,2410,[False],[False]
-63,early,4,63,700,7,220,"[440, 192, 440]","['higher', 'lower', 'higher']","[7, 3, 2]",3,21,1,2449,"[220, -28, 220]","[220, 28, 220]"
-125,early,5,125,700,7,392,"[220, 192]","['lower', 'lower']","[7, 3]",2,22,1,2426,"[-172, -200]","[172, 200]"
,,,,700,7,40000,,,,,23,1,2403,[False],[False]
100,late,6,100,700,7,440,[392],['lower'],[3],1,24,1,2024,[-48],[48]
-48,early,6,48,700,7,440,[False],['standard'],[False],0,25,1,2069,[False],[False]
,,,,700,7,40000,,,,,26,1,2202,[False],[False]
-80,early,5,80,700,7,392,"[192, 440, 192]","['lower', 'higher', 'lower']","[7, 2, 3]",3,27,1,2304,"[-200, 48, -200]","[200, 48, 200]"
13,late,4,13,700,7,220,"[192, 392, 392]","['lower', 'higher', 'higher']","[2, 6, 7]",3,28,1,2150,"[-28, 172, 172]","[28, 172, 172]"
0,on_time,6,0,700,7,192,"[220, 440]","['higher', 'higher']","[4, 3]",2,29,1,2218,"[28, 248]","[28, 248]"
,,,,700,7,40000,,,,,30,1,2123,[False],[False]
125,late,5,125,700,7,220,"[392, 440, 192]","['higher', 'higher', 'lower']","[4, 3, 7]",3,31,1,2300,"[172, 220, -28]","[172, 220, 28]"
0,on_time,6,0,700,7,192,"[220, 440]","['higher', 'higher']","[4, 3]",2,32,1,2386,"[28, 248]","[28, 248]"
-48,early,4,48,700,7,392,[440],['higher'],[3],1,33,1,2049,[48],[48]
,,,,700,7,40000,,,,,34,1,2339,[False],[False]
-27,early,5,27,700,7,192,"[220, 440]","['higher', 'higher']","[2, 3]",2,35,1,2305,"[28, 248]","[28, 248]"
0,on_time,4,0,700,7,440,"[192, 192, 392]","['lower', 'lower', 'lower']","[2, 6, 7]",3,36,1,2274,"[-248, -248, -48]","[248, 248, 48]"
,,,,700,7,40000,,,,,37,1,2021,[False],[False]
36,late,4,36,700,7,440,"[220, 192]","['lower', 'lower']","[7, 3]",2,38,1,2179,"[-220, -248]","[220, 248]"
-19,early,5,19,700,7,220,"[392, 440]","['higher', 'higher']","[2, 4]",2,39,1,2299,"[172, 220]","[172, 220]"
,,,,700,7,40000,,,,,40,1,2338,[False],[False]
-8,early,4,8,700,7,392,[192],['lower'],[6],1,41,1,2166,[-200],[200]
,,,,700,7,40000,,,,,42,1,2454,[False],[False]
-63,early,4,63,700,7,220,"[440, 192, 440]","['higher', 'lower', 'higher']","[7, 3, 2]",3,43,1,2297,"[220, -28, 220]","[220, 28, 220]"
,,,,700,7,40000,,,,,44,1,2463,[False],[False]
-27,early,4,27,700,7,392,"[440, 192, 440]","['higher', 'lower', 'higher']","[3, 6, 2]",3,45,1,2137,"[48, -200, 48]","[48, 200, 48]"
0,on_time,5,0,700,7,440,[192],['lower'],[7],1,46,1,2151,[-248],[248]
19,late,4,19,700,7,220,[False],['standard'],[False],0,47,1,2245,[False],[False]
-13,early,4,13,700,7,192,[220],['higher'],[2],1,48,1,2401,[28],[28]
,,,,700,7,40000,,,,,49,1,2115,[False],[False]
125,late,4,125,700,7,192,[False],['standard'],[False],0,50,1,2349,[False],[False]
,,,,700,7,40000,,,,,51,1,2468,[False],[False]
-8,early,6,8,700,7,192,[440],['higher'],[3],1,52,1,2254,[248],[248]
-36,early,5,36,700,7,192,[220],['higher'],[3],1,53,1,2139,[28],[28]
48,late,6,48,700,7,192,[False],['standard'],[False],0,54,1,2030,[False],[False]
-100,early,4,100,700,7,192,"[220, 392]","['higher', 'higher']","[3, 7]",2,55,1,2424,"[28, 200]","[28, 200]"
-80,early,5,80,700,7,392,"[192, 440, 192]","['lower', 'higher', 'lower']","[7, 2, 3]",3,56,1,2041,"[-200, 48, -200]","[200, 48, 200]"
,,,,700,7,40000,,,,,57,1,2273,[False],[False]
36,late,5,36,700,7,440,[192],['lower'],[7],1,58,1,2197,[-248],[248]
-19,early,4,19,700,7,220,"[192, 192]","['lower', 'lower']","[7, 3]",2,59,1,2020,"[-28, -28]","[28, 28]"
,,,,700,7,40000,,,,,60,1,2377,[False],[False]
100,late,6,100,700,7,440,[392],['lower'],[3],1,61,1,2133,[-48],[48]
,,,,700,7,40000,,,,,62,1,2388,[False],[False]
8,late,5,8,700,7,220,"[192, 392]","['lower', 'higher']","[7, 4]",2,63,1,2279,"[-28, 172]","[28, 172]"
,,,,700,7,40000,,,,,64,1,2321,[False],[False]
48,late,4,48,700,7,220,"[392, 392, 392]","['higher', 'higher', 'higher']","[2, 6, 3]",3,65,1,2000,"[172, 172, 172]","[172, 172, 172]"
,,,,700,7,40000,,,,,66,1,2025,[False],[False]
48,late,4,48,700,7,220,"[392, 392, 392]","['higher', 'higher', 'higher']","[2, 6, 3]",3,67,1,2050,"[172, 172, 172]","[172, 172, 172]"
,,,,700,7,40000,,,,,68,1,2450,[False],[False]
4,late,4,4,700,7,192,"[220, 392, 392]","['higher', 'higher', 'higher']","[2, 7, 6]",3,69,1,2248,"[28, 200, 200]","[28, 200, 200]"
,,,,700,7,40000,,,,,70,1,2121,[False],[False]
-36,early,4,36,700,7,192,"[392, 440]","['higher', 'higher']","[3, 2]",2,71,1,2398,"[200, 248]","[200, 248]"
,,,,700,7,40000,,,,,72,1,2437,[False],[False]
80,late,5,80,700,7,192,[False],['standard'],[False],0,73,1,2315,[False],[False]
-8,early,4,8,700,7,392,[192],['lower'],[6],1,74,1,2191,[-200],[200]
-8,early,5,8,700,7,192,[220],['higher'],[7],1,75,1,2479,[28],[28]
,,,,700,7,40000,,,,,76,1,2345,[False],[False]
13,late,4,13,700,7,220,"[192, 392, 392]","['lower', 'higher', 'higher']","[2, 6, 7]",3,77,1,2268,"[-28, 172, 172]","[28, 172, 172]"
-36,early,4,36,700,7,192,"[392, 440]","['higher', 'higher']","[3, 2]",2,78,1,2196,"[200, 248]","[200, 248]"
,,,,700,7,40000,,,,,79,1,2465,[False],[False]
63,late,4,63,700,7,392,[False],['standard'],[False],0,80,1,2220,[False],[False]
0,on_time,5,0,700,7,392,"[440, 220]","['higher', 'lower']","[3, 7]",2,81,1,2353,"[48, -172]","[48, 172]"
8,late,5,8,700,7,220,"[192, 392]","['lower', 'higher']","[7, 4]",2,82,1,2480,"[-28, 172]","[28, 172]"
,,,,700,7,40000,,,,,83,1,2074,[False],[False]
13,late,6,13,700,7,392,[220],['lower'],[5],1,84,1,2125,[-172],[172]
80,late,4,80,700,7,392,[False],['standard'],[False],0,85,1,2460,[False],[False]
8,late,6,8,700,7,220,"[192, 440]","['lower', 'higher']","[4, 2]",2,86,1,2376,"[-28, 220]","[28, 220]"
,,,,700,7,40000,,,,,87,1,2046,[False],[False]
-27,early,4,27,700,7,392,"[440, 192, 440]","['higher', 'lower', 'higher']","[3, 6, 2]",3,88,1,2411,"[48, -200, 48]","[48, 200, 48]"
,,,,700,7,40000,,,,,89,1,2213,[False],[False]
-125,early,4,125,700,7,392,"[220, 440]","['lower', 'higher']","[3, 6]",2,90,1,2301,"[-172, 48]","[172, 48]"
13,late,6,13,700,7,392,[220],['lower'],[5],1,91,1,2362,[-172],[172]
,,,,700,7,40000,,,,,92,1,2014,[False],[False]
0,on_time,4,0,700,7,440,"[192, 192, 392]","['lower', 'lower', 'lower']","[2, 6, 7]",3,93,1,2190,"[-248, -248, -48]","[248, 248, 48]"
125,late,4,125,700,7,192,[False],['standard'],[False],0,94,1,2459,[False],[False]
-48,early,5,48,700,7,220,"[192, 392, 192]","['lower', 'higher', 'lower']","[4, 7, 2]",3,95,1,2395,"[-28, 172, -28]","[28, 172, 28]"
,,,,700,7,40000,,,,,96,1,2160,[False],[False]
36,late,6,36,700,7,392,"[220, 440]","['lower', 'higher']","[5, 3]",2,97,1,2471,"[-172, 48]","[172, 48]"
,,,,700,7,40000,,,,,98,1,2149,[False],[False]
80,late,6,80,700,7,192,[392],['higher'],[2],1,99,1,2109,[200],[200]
,,,,700,7,40000,,,,,100,1,2423,[False],[False]
63,late,4,63,700,7,392,[False],['standard'],[False],0,101,1,2290,[False],[False]
48,late,6,48,700,7,192,[False],['standard'],[False],0,102,1,2212,[False],[False]
,,,,700,7,40000,,,,,103,1,2124,[False],[False]
13,late,6,13,700,7,392,[220],['lower'],[5],1,104,1,2206,[-172],[172]
80,late,6,80,700,7,192,[392],['higher'],[2],1,105,1,2407,[200],[200]
,,,,700,7,40000,,,,,106,1,2309,[False],[False]
-63,early,5,63,700,7,220,"[440, 192]","['higher', 'lower']","[3, 4]",2,107,1,2374,"[220, -28]","[220, 28]"
-13,early,4,13,700,7,192,[220],['higher'],[2],1,108,1,2086,[28],[28]
-36,early,4,36,700,7,192,"[392, 440]","['higher', 'higher']","[3, 2]",2,1,2,2405,"[200, 248]","[200, 248]"
-125,early,6,125,700,7,192,"[220, 440, 220]","['higher', 'higher', 'higher']","[2, 4, 3]",3,2,2,2272,"[28, 248, 28]","[28, 248, 28]"
,,,,700,7,40000,,,,,3,2,2079,[False],[False]
80,late,4,80,700,7,392,[False],['standard'],[False],0,4,2,2308,[False],[False]
-100,early,5,100,700,7,220,[False],['standard'],[False],0,5,2,2134,[False],[False]
,,,,700,7,40000,,,,,6,2,2130,[False],[False]
8,late,6,8,700,7,220,"[192, 440]","['lower', 'higher']","[4, 2]",2,7,2,2396,"[-28, 220]","[28, 220]"
-4,early,5,4,700,7,392,[192],['lower'],[2],1,8,2,2420,[-200],[200]
48,late,6,48,700,7,192,[False],['standard'],[False],0,9,2,2303,[False],[False]
,,,,700,7,40000,,,,,10,2,2095,[False],[False]
13,late,4,13,700,7,220,"[192, 392, 392]","['lower', 'higher', 'higher']","[2, 6, 7]",3,11,2,2059,"[-28, 172, 172]","[28, 172, 172]"
36,late,4,36,700,7,440,"[220, 192]","['lower', 'lower']","[7, 3]",2,12,2,2211,"[-220, -248]","[220, 248]"
,,,,700,7,40000,,,,,13,2,2113,[False],[False]
80,late,4,80,700,7,392,[False],['standard'],[False],0,14,2,2332,[False],[False]
-27,early,5,27,700,7,192,"[220, 440]","['higher', 'higher']","[2, 3]",2,15,2,2369,"[28, 248]","[28, 248]"
8,late,6,8,700,7,220,"[192, 440]","['lower', 'higher']","[4, 2]",2,16,2,2277,"[-28, 220]","[28, 220]"
-13,early,4,13,700,7,192,[220],['higher'],[2],1,17,2,2404,[28],[28]
,,,,700,7,40000,,,,,18,2,2215,[False],[False]
0,on_time,4,0,700,7,440,[220],['lower'],[3],1,19,2,2496,[-220],[220]
-8,early,6,8,700,7,192,[440],['higher'],[3],1,20,2,2163,[248],[248]
,,,,700,7,40000,,,,,21,2,2275,[False],[False]
-125,early,5,125,700,7,392,"[220, 192]","['lower', 'lower']","[7, 3]",2,22,2,2135,"[-172, -200]","[172, 200]"
-48,early,5,48,700,7,220,"[192, 392, 192]","['lower', 'higher', 'lower']","[4, 7, 2]",3,23,2,2351,"[-28, 172, -28]","[28, 172, 28]"
,,,,700,7,40000,,,,,24,2,2252,[False],[False]
36,late,5,36,700,7,440,[192],['lower'],[7],1,25,2,2325,[-248],[248]
-4,early,4,4,700,7,440,"[192, 192]","['lower', 'lower']","[2, 3]",2,26,2,2001,"[-248, -248]","[248, 248]"
-8,early,6,8,700,7,192,[440],['higher'],[3],1,27,2,2223,[248],[248]
,,,,700,7,40000,,,,,28,2,2184,[False],[False]
8,late,5,8,700,7,220,"[192, 392]","['lower', 'higher']","[7, 4]",2,29,2,2052,"[-28, 172]","[28, 172]"
80,late,5,80,700,7,192,[False],['standard'],[False],0,30,2,2264,[False],[False]
19,late,5,19,700,7,220,[392],['higher'],[3],1,31,2,2031,[172],[172]
-125,early,4,125,700,7,392,"[220, 440]","['lower', 'higher']","[3, 6]",2,32,2,2219,"[-172, 48]","[172, 48]"
,,,,700,7,40000,,,,,33,2,2047,[False],[False]
13,late,6,13,700,7,392,[220],['lower'],[5],1,34,2,2389,[-172],[172]
,,,,700,7,40000,,,,,35,2,2452,[False],[False]
0,on_time,6,0,700,7,192,"[220, 440]","['higher', 'higher']","[4, 3]",2,36,2,2393,"[28, 248]","[28, 248]"
36,late,5,36,700,7,440,[192],['lower'],[7],1,37,2,2436,[-248],[248]
-80,early,5,80,700,7,392,"[192, 440, 192]","['lower', 'higher', 'lower']","[7, 2, 3]",3,38,2,2118,"[-200, 48, -200]","[200, 48, 200]"
,,,,700,7,40000,,,,,39,2,2422,[False],[False]
0,on_time,6,0,700,7,192,"[220, 440]","['higher', 'higher']","[4, 3]",2,40,2,2227,"[28, 248]","[28, 248]"
27,late,5,27,700,7,192,[440],['higher'],[7],1,41,2,2276,[248],[248]
,,,,700,7,40000,,,,,42,2,2489,[False],[False]
-27,early,4,27,700,7,392,"[440, 192, 440]","['higher', 'lower', 'higher']","[3, 6, 2]",3,43,2,2356,"[48, -200, 48]","[48, 200, 48]"
,,,,700,7,40000,,,,,44,2,2042,[False],[False]
0,on_time,5,0,700,7,440,[192],['lower'],[7],1,45,2,2382,[-248],[248]
,,,,700,7,40000,,,,,46,2,2070,[False],[False]
-125,early,6,125,700,7,192,"[220, 440, 220]","['higher', 'higher', 'higher']","[2, 4, 3]",3,47,2,2072,"[28, 248, 28]","[28, 248, 28]"
13,late,5,13,700,7,440,[False],['standard'],[False],0,48,2,2466,[False],[False]
0,on_time,5,0,700,7,392,"[440, 220]","['higher', 'lower']","[3, 7]",2,49,2,2226,"[48, -172]","[48, 172]"
,,,,700,7,40000,,,,,50,2,2381,[False],[False]
4,late,4,4,700,7,192,"[220, 392, 392]","['higher', 'higher', 'higher']","[2, 7, 6]",3,51,2,2180,"[28, 200, 200]","[28, 200, 200]"
,,,,700,7,40000,,,,,52,2,2172,[False],[False]
-100,early,6,100,700,7,220,[False],['standard'],[False],0,53,2,2065,[False],[False]
,,,,700,7,40000,,,,,54,2,2144,[False],[False]
-36,early,6,36,700,7,192,[False],['standard'],[False],0,55,2,2051,[False],[False]
-13,early,6,13,700,7,440,"[392, 392]","['lower', 'lower']","[2, 5]",2,56,2,2267,"[-48, -48]","[48, 48]"
4,late,5,4,700,7,220,[False],['standard'],[False],0,57,2,2358,[False],[False]
,,,,700,7,40000,,,,,58,2,2221,[False],[False]
0,on_time,4,0,700,7,440,"[192, 192, 392]","['lower', 'lower', 'lower']","[2, 6, 7]",3,59,2,2383,"[-248, -248, -48]","[248, 248, 48]"
,,,,700,7,40000,,,,,60,2,2365,[False],[False]
63,late,6,63,700,7,192,[440],['higher'],[5],1,61,2,2330,[248],[248]
27,late,6,27,700,7,392,[False],['standard'],[False],0,62,2,2390,[False],[False]
,,,,700,7,40000,,,,,63,2,2186,[False],[False]
0,on_time,4,0,700,7,440,[220],['lower'],[3],1,64,2,2432,[-220],[220]
,,,,700,7,40000,,,,,65,2,2008,[False],[False]
0,on_time,5,0,700,7,392,"[440, 220]","['higher', 'lower']","[3, 7]",2,66,2,2143,"[48, -172]","[48, 172]"
4,late,6,4,700,7,440,"[220, 220]","['lower', 'lower']","[4, 3]",2,67,2,2302,"[-220, -220]","[220, 220]"
,,,,700,7,40000,,,,,68,2,2334,[False],[False]
100,late,4,100,700,7,440,"[192, 192]","['lower', 'lower']","[2, 3]",2,69,2,2183,"[-248, -248]","[248, 248]"
48,late,4,48,700,7,220,"[392, 392, 392]","['higher', 'higher', 'higher']","[2, 6, 3]",3,70,2,2043,"[172, 172, 172]","[172, 172, 172]"
,,,,700,7,40000,,,,,71,2,2431,[False],[False]
100,late,5,100,700,7,220,"[440, 392, 440]","['higher', 'higher', 'higher']","[7, 3, 2]",3,72,2,2060,"[220, 172, 220]","[220, 172, 220]"
-8,early,5,8,700,7,192,[220],['higher'],[7],1,73,2,2280,[28],[28]
,,,,700,7,40000,,,,,74,2,2034,[False],[False]
-48,early,4,48,700,7,392,[440],['higher'],[3],1,75,2,2458,[48],[48]
4,late,5,4,700,7,220,[False],['standard'],[False],0,76,2,2131,[False],[False]
-19,early,4,19,700,7,220,"[192, 192]","['lower', 'lower']","[7, 3]",2,77,2,2310,"[-28, -28]","[28, 28]"
,,,,700,7,40000,,,,,78,2,2442,[False],[False]
8,late,6,8,700,7,220,"[192, 440]","['lower', 'higher']","[4, 2]",2,79,2,2038,"[-28, 220]","[28, 220]"
-36,early,4,36,700,7,192,"[392, 440]","['higher', 'higher']","[3, 2]",2,80,2,2205,"[200, 248]","[200, 248]"
,,,,700,7,40000,,,,,81,2,2066,[False],[False]
63,late,5,63,700,7,220,"[440, 440, 440]","['higher', 'higher', 'higher']","[7, 2, 4]",3,82,2,2210,"[220, 220, 220]","[220, 220, 220]"
4,late,6,4,700,7,440,"[220, 220]","['lower', 'lower']","[4, 3]",2,83,2,2076,"[-220, -220]","[220, 220]"
,,,,700,7,40000,,,,,84,2,2193,[False],[False]
-125,early,6,125,700,7,192,"[220, 440, 220]","['higher', 'higher', 'higher']","[2, 4, 3]",3,85,2,2092,"[28, 248, 28]","[28, 248, 28]"
,,,,700,7,40000,,,,,86,2,2328,[False],[False]
-63,early,6,63,700,7,392,"[220, 192]","['lower', 'lower']","[2, 4]",2,87,2,2361,"[-172, -200]","[172, 200]"
0,on_time,6,0,700,7,192,[False],['standard'],[False],0,88,2,2159,[False],[False]
,,,,700,7,40000,,,,,89,2,2445,[False],[False]
63,late,6,63,700,7,192,[440],['higher'],[5],1,90,2,2192,[248],[248]
48,late,5,48,700,7,192,[220],['higher'],[3],1,91,2,2127,[28],[28]
,,,,700,7,40000,,,,,92,2,2250,[False],[False]
-36,early,6,36,700,7,192,[False],['standard'],[False],0,93,2,2105,[False],[False]
-63,early,5,63,700,7,220,"[440, 192]","['higher', 'lower']","[3, 4]",2,94,2,2138,"[220, -28]","[220, 28]"
,,,,700,7,40000,,,,,95,2,2291,[False],[False]
100,late,4,100,700,7,440,"[192, 192]","['lower', 'lower']","[2, 3]",2,96,2,2391,"[-248, -248]","[248, 248]"
,,,,700,7,40000,,,,,97,2,2195,[False],[False]
-36,early,5,36,700,7,192,[220],['higher'],[3],1,98,2,2261,[28],[28]
-125,early,4,125,700,7,392,"[220, 440]","['lower', 'higher']","[3, 6]",2,99,2,2270,"[-172, 48]","[172, 48]"
,,,,700,7,40000,,,,,100,2,2447,[False],[False]
8,late,5,8,700,7,220,"[192, 392]","['lower', 'higher']","[7, 4]",2,101,2,2260,"[-28, 172]","[28, 172]"
,,,,700,7,40000,,,,,102,2,2306,[False],[False]
-80,early,4,80,700,7,220,"[192, 392]","['lower', 'higher']","[6, 3]",2,103,2,2444,"[-28, 172]","[28, 172]"
,,,,700,7,40000,,,,,104,2,2057,[False],[False]
-4,early,4,4,700,7,440,"[192, 192]","['lower', 'lower']","[2, 3]",2,105,2,2497,"[-248, -248]","[248, 248]"
-27,early,6,27,700,7,192,"[220, 220]","['higher', 'higher']","[5, 4]",2,106,2,2094,"[28, 28]","[28, 28]"
,,,,700,7,40000,,,,,107,2,2341,[False],[False]
100,late,6,100,700,7,440,[392],['lower'],[3],1,108,2,2495,[-48],[48]
-100,early,4,100,700,7,192,"[220, 392]","['higher', 'higher']","[3, 7]",2,1,3,2222,"[28, 200]","[28, 200]"
,,,,700,7,40000,,,,,2,3,2104,[False],[False]
-4,early,6,4,700,7,192,[392],['higher'],[4],1,3,3,2117,[200],[200]
,,,,700,7,40000,,,,,4,3,2323,[False],[False]
48,late,5,48,700,7,192,[220],['higher'],[3],1,5,3,2107,[28],[28]
,,,,700,7,40000,,,,,6,3,2425,[False],[False]
36,late,4,36,700,7,440,"[220, 192]","['lower', 'lower']","[7, 3]",2,7,3,2006,"[-220, -248]","[220, 248]"
48,late,6,48,700,7,192,[False],['standard'],[False],0,8,3,2230,[False],[False]
-4,early,4,4,700,7,440,"[192, 192]","['lower', 'lower']","[2, 3]",2,9,3,2414,"[-248, -248]","[248, 248]"
,,,,700,7,40000,,,,,10,3,2140,[False],[False]
-27,early,4,27,700,7,392,"[440, 192, 440]","['higher', 'lower', 'higher']","[3, 6, 2]",3,11,3,2017,"[48, -200, 48]","[48, 200, 48]"
8,late,4,8,700,7,192,"[392, 220, 392]","['higher', 'higher', 'higher']","[2, 3, 6]",3,12,3,2283,"[200, 28, 200]","[200, 28, 200]"
,,,,700,7,40000,,,,,13,3,2199,[False],[False]
-19,early,6,19,700,7,392,[192],['lower'],[4],1,14,3,2096,[-200],[200]
,,,,700,7,40000,,,,,15,3,2081,[False],[False]
-80,early,5,80,700,7,392,"[192, 440, 192]","['lower', 'higher', 'lower']","[7, 2, 3]",3,16,3,2427,"[-200, 48, -200]","[200, 48, 200]"
0,on_time,5,0,700,7,392,"[440, 220]","['higher', 'lower']","[3, 7]",2,17,3,2171,"[48, -172]","[48, 172]"
,,,,700,7,40000,,,,,18,3,2408,[False],[False]
-125,early,4,125,700,7,392,"[220, 440]","['lower', 'higher']","[3, 6]",2,19,3,2029,"[-172, 48]","[172, 48]"
,,,,700,7,40000,,,,,20,3,2307,[False],[False]
19,late,5,19,700,7,220,[392],['higher'],[3],1,21,3,2246,[172],[172]
13,late,4,13,700,7,220,"[192, 392, 392]","['lower', 'higher', 'higher']","[2, 6, 7]",3,22,3,2491,"[-28, 172, 172]","[28, 172, 172]"
63,late,4,63,700,7,392,[False],['standard'],[False],0,23,3,2231,[False],[False]
,,,,700,7,40000,,,,,24,3,2278,[False],[False]
-19,early,4,19,700,7,220,"[192, 192]","['lower', 'lower']","[7, 3]",2,25,3,2054,"[-28, -28]","[28, 28]"
-100,early,4,100,700,7,192,"[220, 392]","['higher', 'higher']","[3, 7]",2,26,3,2018,"[28, 200]","[28, 200]"
-80,early,4,80,700,7,220,"[192, 392]","['lower', 'higher']","[6, 3]",2,27,3,2485,"[-28, 172]","[28, 172]"
36,late,4,36,700,7,440,"[220, 192]","['lower', 'lower']","[7, 3]",2,28,3,2327,"[-220, -248]","[220, 248]"
,,,,700,7,40000,,,,,29,3,2287,[False],[False]
-125,early,6,125,700,7,192,"[220, 440, 220]","['higher', 'higher', 'higher']","[2, 4, 3]",3,30,3,2010,"[28, 248, 28]","[28, 248, 28]"
,,,,700,7,40000,,,,,31,3,2169,[False],[False]
27,late,5,27,700,7,192,[440],['higher'],[7],1,32,3,2112,[248],[248]
-4,early,5,4,700,7,392,[192],['lower'],[2],1,33,3,2116,[-200],[200]
-19,early,4,19,700,7,220,"[192, 192]","['lower', 'lower']","[7, 3]",2,34,3,2067,"[-28, -28]","[28, 28]"
27,late,4,27,700,7,392,"[192, 220, 192]","['lower', 'lower', 'lower']","[7, 2, 3]",3,35,3,2331,"[-200, -172, -200]","[200, 172, 200]"
,,,,700,7,40000,,,,,36,3,2152,[False],[False]
63,late,4,63,700,7,392,[False],['standard'],[False],0,37,3,2168,[False],[False]
,,,,700,7,40000,,,,,38,3,2132,[False],[False]
-80,early,6,80,700,7,192,[False],['standard'],[False],0,39,3,2430,[False],[False]
0,on_time,5,0,700,7,440,[192],['lower'],[7],1,40,3,2373,[-248],[248]
0,on_time,4,0,700,7,440,"[192, 192, 392]","['lower', 'lower', 'lower']","[2, 6, 7]",3,41,3,2085,"[-248, -248, -48]","[248, 248, 48]"
,,,,700,7,40000,,,,,42,3,2055,[False],[False]
125,late,6,125,700,7,192,[False],['standard'],[False],0,43,3,2472,[False],[False]
19,late,5,19,700,7,220,[392],['higher'],[3],1,44,3,2239,[172],[172]
,,,,700,7,40000,,,,,45,3,2056,[False],[False]
-13,early,5,13,700,7,220,"[440, 192, 392]","['higher', 'lower', 'higher']","[7, 3, 2]",3,46,3,2128,"[220, -28, 172]","[220, 28, 172]"
,,,,700,7,40000,,,,,47,3,2145,[False],[False]
36,late,6,36,700,7,392,"[220, 440]","['lower', 'higher']","[5, 3]",2,48,3,2058,"[-172, 48]","[172, 48]"
,,,,700,7,40000,,,,,49,3,2490,[False],[False]
0,on_time,6,0,700,7,192,[False],['standard'],[False],0,50,3,2097,[False],[False]
,,,,700,7,40000,,,,,51,3,2326,[False],[False]
-8,early,4,8,700,7,392,[192],['lower'],[6],1,52,3,2461,[-200],[200]
,,,,700,7,40000,,,,,53,3,2394,[False],[False]
125,late,5,125,700,7,220,"[392, 440, 192]","['higher', 'higher', 'lower']","[4, 3, 7]",3,54,3,2009,"[172, 220, -28]","[172, 220, 28]"
80,late,5,80,700,7,192,[False],['standard'],[False],0,55,3,2158,[False],[False]
,,,,700,7,40000,,,,,56,3,2262,[False],[False]
-48,early,4,48,700,7,392,[440],['higher'],[3],1,57,3,2007,[48],[48]
80,late,4,80,700,7,392,[False],['standard'],[False],0,58,3,2013,[False],[False]
,,,,700,7,40000,,,,,59,3,2078,[False],[False]
0,on_time,4,0,700,7,440,[220],['lower'],[3],1,60,3,2244,[-220],[220]
-4,early,5,4,700,7,392,[192],['lower'],[2],1,61,3,2286,[-200],[200]
,,,,700,7,40000,,,,,62,3,2247,[False],[False]
4,late,4,4,700,7,192,"[220, 392, 392]","['higher', 'higher', 'higher']","[2, 7, 6]",3,63,3,2453,"[28, 200, 200]","[28, 200, 200]"
-13,early,5,13,700,7,220,"[440, 192, 392]","['higher', 'lower', 'higher']","[7, 3, 2]",3,64,3,2380,"[220, -28, 172]","[220, 28, 172]"
,,,,700,7,40000,,,,,65,3,2320,[False],[False]
4,late,6,4,700,7,440,"[220, 220]","['lower', 'lower']","[4, 3]",2,66,3,2075,"[-220, -220]","[220, 220]"
-80,early,4,80,700,7,220,"[192, 392]","['lower', 'higher']","[6, 3]",2,67,3,2045,"[-28, 172]","[28, 172]"
48,late,4,48,700,7,220,"[392, 392, 392]","['higher', 'higher', 'higher']","[2, 6, 3]",3,68,3,2243,"[172, 172, 172]","[172, 172, 172]"
36,late,6,36,700,7,392,"[220, 440]","['lower', 'higher']","[5, 3]",2,69,3,2175,"[-172, 48]","[172, 48]"
-27,early,5,27,700,7,192,"[220, 440]","['higher', 'higher']","[2, 3]",2,70,3,2451,"[28, 248]","[28, 248]"
,,,,700,7,40000,,,,,71,3,2500,[False],[False]
63,late,5,63,700,7,220,"[440, 440, 440]","['higher', 'higher', 'higher']","[7, 2, 4]",3,72,3,2347,"[220, 220, 220]","[220, 220, 220]"
-80,early,6,80,700,7,192,[False],['standard'],[False],0,73,3,2435,[False],[False]
,,,,700,7,40000,,,,,74,3,2354,[False],[False]
80,late,6,80,700,7,192,[392],['higher'],[2],1,75,3,2161,[200],[200]
,,,,700,7,40000,,,,,76,3,2240,[False],[False]
-4,early,4,4,700,7,440,"[192, 192]","['lower', 'lower']","[2, 3]",2,77,3,2316,"[-248, -248]","[248, 248]"
-48,early,5,48,700,7,220,"[192, 392, 192]","['lower', 'higher', 'lower']","[4, 7, 2]",3,78,3,2249,"[-28, 172, -28]","[28, 172, 28]"
-100,early,4,100,700,7,192,"[220, 392]","['higher', 'higher']","[3, 7]",2,79,3,2337,"[28, 200]","[28, 200]"
-4,early,6,4,700,7,192,[392],['higher'],[4],1,80,3,2265,[200],[200]
,,,,700,7,40000,,,,,81,3,2016,[False],[False]
100,late,4,100,700,7,440,"[192, 192]","['lower', 'lower']","[2, 3]",2,82,3,2032,"[-248, -248]","[248, 248]"
27,late,4,27,700,7,392,"[192, 220, 192]","['lower', 'lower', 'lower']","[7, 2, 3]",3,83,3,2083,"[-200, -172, -200]","[200, 172, 200]"
,,,,700,7,40000,,,,,84,3,2173,[False],[False]
125,late,5,125,700,7,220,"[392, 440, 192]","['higher', 'higher', 'lower']","[4, 3, 7]",3,85,3,2064,"[172, 220, -28]","[172, 220, 28]"
,,,,700,7,40000,,,,,86,3,2412,[False],[False]
-19,early,6,19,700,7,392,[192],['lower'],[4],1,87,3,2071,[-200],[200]
19,late,6,19,700,7,220,"[440, 392]","['higher', 'higher']","[5, 4]",2,88,3,2208,"[220, 172]","[220, 172]"
,,,,700,7,40000,,,,,89,3,2360,[False],[False]
4,late,6,4,700,7,440,"[220, 220]","['lower', 'lower']","[4, 3]",2,90,3,2088,"[-220, -220]","[220, 220]"
-4,early,5,4,700,7,392,[192],['lower'],[2],1,91,3,2167,[-200],[200]
-13,early,6,13,700,7,440,"[392, 392]","['lower', 'lower']","[2, 5]",2,92,3,2441,"[-48, -48]","[48, 48]"
,,,,700,7,40000,,,,,93,3,2203,[False],[False]
19,late,4,19,700,7,220,[False],['standard'],[False],0,94,3,2048,[False],[False]
,,,,700,7,40000,,,,,95,3,2224,[False],[False]
-63,early,6,63,700,7,392,"[220, 192]","['lower', 'lower']","[2, 4]",2,96,3,2089,"[-172, -200]","[172, 200]"
,,,,700,7,40000,,,,,97,3,2379,[False],[False]
125,late,5,125,700,7,220,"[392, 440, 192]","['higher', 'higher', 'lower']","[4, 3, 7]",3,98,3,2384,"[172, 220, -28]","[172, 220, 28]"
,,,,700,7,40000,,,,,99,3,2284,[False],[False]
-100,early,5,100,700,7,220,[False],['standard'],[False],0,100,3,2229,[False],[False]
80,late,5,80,700,7,192,[False],['standard'],[False],0,101,3,2033,[False],[False]
48,late,5,48,700,7,192,[220],['higher'],[3],1,102,3,2027,[28],[28]
,,,,700,7,40000,,,,,103,3,2209,[False],[False]
27,late,6,27,700,7,392,[False],['standard'],[False],0,104,3,2271,[False],[False]
-4,early,6,4,700,7,192,[392],['higher'],[4],1,105,3,2103,[200],[200]
,,,,700,7,40000,,,,,106,3,2439,[False],[False]
0,on_time,4,0,700,7,440,[220],['lower'],[3],1,107,3,2157,[-220],[220]
-48,early,6,48,700,7,440,[False],['standard'],[False],0,108,3,2235,[False],[False]
-80,early,6,80,700,7,192,[False],['standard'],[False],0,1,4,2488,[False],[False]
,,,,700,7,40000,,,,,2,4,2483,[False],[False]
-63,early,6,63,700,7,392,"[220, 192]","['lower', 'lower']","[2, 4]",2,3,4,2120,"[-172, -200]","[172, 200]"
63,late,5,63,700,7,220,"[440, 440, 440]","['higher', 'higher', 'higher']","[7, 2, 4]",3,4,4,2494,"[220, 220, 220]","[220, 220, 220]"
0,on_time,6,0,700,7,192,[False],['standard'],[False],0,5,4,2189,[False],[False]
-27,early,6,27,700,7,192,"[220, 220]","['higher', 'higher']","[5, 4]",2,6,4,2237,"[28, 28]","[28, 28]"
-8,early,6,8,700,7,192,[440],['higher'],[3],1,7,4,2438,[248],[248]
,,,,700,7,40000,,,,,8,4,2026,[False],[False]
19,late,6,19,700,7,220,"[440, 392]","['higher', 'higher']","[5, 4]",2,9,4,2367,"[220, 172]","[220, 172]"
-100,early,6,100,700,7,220,[False],['standard'],[False],0,10,4,2440,[False],[False]
100,late,5,100,700,7,220,"[440, 392, 440]","['higher', 'higher', 'higher']","[7, 3, 2]",3,11,4,2011,"[220, 172, 220]","[220, 172, 220]"
-13,early,6,13,700,7,440,"[392, 392]","['lower', 'lower']","[2, 5]",2,12,4,2187,"[-48, -48]","[48, 48]"
-63,early,4,63,700,7,220,"[440, 192, 440]","['higher', 'lower', 'higher']","[7, 3, 2]",3,13,4,2214,"[220, -28, 220]","[220, 28, 220]"
-80,early,6,80,700,7,192,[False],['standard'],[False],0,14,4,2257,[False],[False]
8,late,4,8,700,7,192,"[392, 220, 392]","['higher', 'higher', 'higher']","[2, 3, 6]",3,15,4,2350,"[200, 28, 200]","[200, 28, 200]"
63,late,5,63,700,7,220,"[440, 440, 440]","['higher', 'higher', 'higher']","[7, 2, 4]",3,16,4,2385,"[220, 220, 220]","[220, 220, 220]"
-19,early,5,19,700,7,220,"[392, 440]","['higher', 'higher']","[2, 4]",2,17,4,2498,"[172, 220]","[172, 220]"
,,,,700,7,40000,,,,,18,4,2233,[False],[False]
-13,early,6,13,700,7,440,"[392, 392]","['lower', 'lower']","[2, 5]",2,19,4,2119,"[-48, -48]","[48, 48]"
-13,early,4,13,700,7,192,[220],['higher'],[2],1,20,4,2486,[28],[28]
63,late,6,63,700,7,192,[440],['higher'],[5],1,21,4,2204,[248],[248]
-27,early,6,27,700,7,192,"[220, 220]","['higher', 'higher']","[5, 4]",2,22,4,2091,"[28, 28]","[28, 28]"
19,late,6,19,700,7,220,"[440, 392]","['higher', 'higher']","[5, 4]",2,23,4,2336,"[220, 172]","[220, 172]"
,,,,700,7,40000,,,,,24,4,2482,[False],[False]
4,late,4,4,700,7,192,"[220, 392, 392]","['higher', 'higher', 'higher']","[2, 7, 6]",3,25,4,2198,"[28, 200, 200]","[28, 200, 200]"
,,,,700,7,40000,,,,,26,4,2217,[False],[False]
-48,early,4,48,700,7,392,[440],['higher'],[3],1,27,4,2062,[48],[48]
-125,early,5,125,700,7,392,"[220, 192]","['lower', 'lower']","[7, 3]",2,28,4,2185,"[-172, -200]","[172, 200]"
,,,,700,7,40000,,,,,29,4,2023,[False],[False]
13,late,5,13,700,7,440,[False],['standard'],[False],0,30,4,2053,[False],[False]
,,,,700,7,40000,,,,,31,4,2177,[False],[False]
-100,early,6,100,700,7,220,[False],['standard'],[False],0,32,4,2419,[False],[False]
-125,early,5,125,700,7,392,"[220, 192]","['lower', 'lower']","[7, 3]",2,33,4,2039,"[-172, -200]","[172, 200]"
-19,early,6,19,700,7,392,[192],['lower'],[4],1,34,4,2363,[-200],[200]
,,,,700,7,40000,,,,,35,4,2126,[False],[False]
125,late,6,125,700,7,192,[False],['standard'],[False],0,36,4,2165,[False],[False]
-19,early,6,19,700,7,392,[192],['lower'],[4],1,37,4,2282,[-200],[200]
125,late,6,125,700,7,192,[False],['standard'],[False],0,38,4,2156,[False],[False]
36,late,6,36,700,7,392,"[220, 440]","['lower', 'higher']","[5, 3]",2,39,4,2012,"[-172, 48]","[172, 48]"
-36,early,5,36,700,7,192,[220],['higher'],[3],1,40,4,2348,[28],[28]
,,,,700,7,40000,,,,,41,4,2443,[False],[False]
-63,early,5,63,700,7,220,"[440, 192]","['higher', 'lower']","[3, 4]",2,42,4,2457,"[220, -28]","[220, 28]"
,,,,700,7,40000,,,,,43,4,2170,[False],[False]
-13,early,5,13,700,7,220,"[440, 192, 392]","['higher', 'lower', 'higher']","[7, 3, 2]",3,44,4,2194,"[220, -28, 172]","[220, 28, 172]"
,,,,700,7,40000,,,,,45,4,2238,[False],[False]
-36,early,5,36,700,7,192,[220],['higher'],[3],1,46,4,2364,[28],[28]
,,,,700,7,40000,,,,,47,4,2232,[False],[False]
125,late,4,125,700,7,192,[False],['standard'],[False],0,48,4,2319,[False],[False]
100,late,5,100,700,7,220,"[440, 392, 440]","['higher', 'higher', 'higher']","[7, 3, 2]",3,49,4,2129,"[220, 172, 220]","[220, 172, 220]"
,,,,700,7,40000,,,,,50,4,2106,[False],[False]
-48,early,6,48,700,7,440,[False],['standard'],[False],0,51,4,2487,[False],[False]
,,,,700,7,40000,,,,,52,4,2147,[False],[False]
-19,early,5,19,700,7,220,"[392, 440]","['higher', 'higher']","[2, 4]",2,53,4,2421,"[172, 220]","[172, 220]"
,,,,700,7,40000,,,,,54,4,2234,[False],[False]
-4,early,6,4,700,7,192,[392],['higher'],[4],1,55,4,2003,[200],[200]
36,late,5,36,700,7,440,[192],['lower'],[7],1,56,4,2242,[-248],[248]
,,,,700,7,40000,,,,,57,4,2484,[False],[False]
100,late,5,100,700,7,220,"[440, 392, 440]","['higher', 'higher', 'higher']","[7, 3, 2]",3,58,4,2317,"[220, 172, 220]","[220, 172, 220]"
,,,,700,7,40000,,,,,59,4,2455,[False],[False]
8,late,4,8,700,7,192,"[392, 220, 392]","['higher', 'higher', 'higher']","[2, 3, 6]",3,60,4,2256,"[200, 28, 200]","[200, 28, 200]"
,,,,700,7,40000,,,,,61,4,2015,[False],[False]
-63,early,5,63,700,7,220,"[440, 192]","['higher', 'lower']","[3, 4]",2,62,4,2478,"[220, -28]","[220, 28]"
-36,early,6,36,700,7,192,[False],['standard'],[False],0,63,4,2251,[False],[False]
,,,,700,7,40000,,,,,64,4,2418,[False],[False]
63,late,6,63,700,7,192,[440],['higher'],[5],1,65,4,2392,[248],[248]
,,,,700,7,40000,,,,,66,4,2324,[False],[False]
13,late,5,13,700,7,440,[False],['standard'],[False],0,67,4,2346,[False],[False]
,,,,700,7,40000,,,,,68,4,2035,[False],[False]
100,late,6,100,700,7,440,[392],['lower'],[3],1,69,4,2061,[-48],[48]
-36,early,6,36,700,7,192,[False],['standard'],[False],0,70,4,2357,[False],[False]
,,,,700,7,40000,,,,,71,4,2110,[False],[False]
19,late,4,19,700,7,220,[False],['standard'],[False],0,72,4,2429,[False],[False]
-100,early,5,100,700,7,220,[False],['standard'],[False],0,73,4,2464,[False],[False]
125,late,4,125,700,7,192,[False],['standard'],[False],0,74,4,2164,[False],[False]
,,,,700,7,40000,,,,,75,4,2102,[False],[False]
19,late,5,19,700,7,220,[392],['higher'],[3],1,76,4,2343,[172],[172]
,,,,700,7,40000,,,,,77,4,2162,[False],[False]
80,late,6,80,700,7,192,[392],['higher'],[2],1,78,4,2375,[200],[200]
,,,,700,7,40000,,,,,79,4,2372,[False],[False]
27,late,6,27,700,7,392,[False],['standard'],[False],0,80,4,2188,[False],[False]
4,late,5,4,700,7,220,[False],['standard'],[False],0,81,4,2153,[False],[False]
,,,,700,7,40000,,,,,82,4,2259,[False],[False]
-8,early,5,8,700,7,192,[220],['higher'],[7],1,83,4,2295,[28],[28]
,,,,700,7,40000,,,,,84,4,2036,[False],[False]
-63,early,4,63,700,7,220,"[440, 192, 440]","['higher', 'lower', 'higher']","[7, 3, 2]",3,85,4,2406,"[220, -28, 220]","[220, 28, 220]"
,,,,700,7,40000,,,,,86,4,2387,[False],[False]
-63,early,6,63,700,7,392,"[220, 192]","['lower', 'lower']","[2, 4]",2,87,4,2355,"[-172, -200]","[172, 200]"
-27,early,6,27,700,7,192,"[220, 220]","['higher', 'higher']","[5, 4]",2,88,4,2101,"[28, 28]","[28, 28]"
,,,,700,7,40000,,,,,89,4,2019,[False],[False]
-48,early,6,48,700,7,440,[False],['standard'],[False],0,90,4,2207,[False],[False]
,,,,700,7,40000,,,,,91,4,2342,[False],[False]
125,late,6,125,700,7,192,[False],['standard'],[False],0,92,4,2433,[False],[False]
,,,,700,7,40000,,,,,93,4,2258,[False],[False]
27,late,4,27,700,7,392,"[192, 220, 192]","['lower', 'lower', 'lower']","[7, 2, 3]",3,94,4,2201,"[-200, -172, -200]","[200, 172, 200]"
,,,,700,7,40000,,,,,95,4,2122,[False],[False]
100,late,4,100,700,7,440,"[192, 192]","['lower', 'lower']","[2, 3]",2,96,4,2181,"[-248, -248]","[248, 248]"
8,late,4,8,700,7,192,"[392, 220, 392]","['higher', 'higher', 'higher']","[2, 3, 6]",3,97,4,2154,"[200, 28, 200]","[200, 28, 200]"
,,,,700,7,40000,,,,,98,4,2462,[False],[False]
-8,early,4,8,700,7,392,[192],['lower'],[6],1,99,4,2228,[-200],[200]
,,,,700,7,40000,,,,,100,4,2285,[False],[False]
27,late,5,27,700,7,192,[440],['higher'],[7],1,101,4,2474,[248],[248]
4,late,5,4,700,7,220,[False],['standard'],[False],0,102,4,2322,[False],[False]
,,,,700,7,40000,,,,,103,4,2288,[False],[False]
-13,early,5,13,700,7,220,"[440, 192, 392]","['higher', 'lower', 'higher']","[7, 3, 2]",3,104,4,2141,"[220, -28, 172]","[220, 28, 172]"
,,,,700,7,40000,,,,,105,4,2399,[False],[False]
0,on_time,6,0,700,7,192,[False],['standard'],[False],0,106,4,2040,[False],[False]
0,on_time,5,0,700,7,440,[192],['lower'],[7],1,107,4,2470,[-248],[248]
27,late,6,27,700,7,392,[False],['standard'],[False],0,108,4,2329,[False],[False]
